<?xml version="1.0"?>
<!--
** DO NOT EDIT THIS FILE.
** If you make changes to this file while any VirtualBox related application
** is running, your changes will be overwritten later, without taking effect.
** Use VBoxManage or the VirtualBox Manager GUI to make changes.
-->
<VirtualBox xmlns="http://www.virtualbox.org/" version="1.12-macosx">
  <Global>
    <ExtraData>
      <ExtraDataItem name="HostOnly/vboxnet0/IPAddress" value="192.168.56.1"/>
      <ExtraDataItem name="HostOnly/vboxnet0/IPNetMask" value="255.255.255.0"/>
    </ExtraData>
    <MachineRegistry>
      <MachineEntry uuid="{11f6d0ec-79e0-4536-96db-131dad7a6e76}" src="/Users/frimpongopokuagyemang/.Genymobile/Genymotion/deployed/Google Nexus 4/Google Nexus 4.vbox"/>
      <MachineEntry uuid="{d2eef4f2-7caa-4023-9999-3d9160ee22ca}" src="/Users/frimpongopokuagyemang/.Genymobile/Genymotion/deployed/LG Optimus L3 II/LG Optimus L3 II.vbox"/>
      <MachineEntry uuid="{fdad4e1d-fe7a-4ba9-b864-7f87362ccb42}" src="/Users/frimpongopokuagyemang/.Genymobile/Genymotion/deployed/Samsung Galaxy S6/Samsung Galaxy S6.vbox"/>
      <MachineEntry uuid="{a3e22469-bf87-4d4d-a3a8-ca7bbefc5d76}" src="/Users/frimpongopokuagyemang/.Genymobile/Genymotion/deployed/Google Pixel 3 XL/Google Pixel 3 XL.vbox"/>
      <MachineEntry uuid="{34835a50-391f-458c-a533-3aefd23e365c}" src="/Users/frimpongopokuagyemang/.Genymobile/Genymotion/deployed/Google Nexus 7/Google Nexus 7.vbox"/>
    </MachineRegistry>
    <MediaRegistry>
      <HardDisks>
        <HardDisk uuid="{79520528-6290-4173-8a03-9636f78a6ebc}" location="/Users/frimpongopokuagyemang/.Genymobile/Genymotion/deployed/Google Nexus 4/android_system_disk.vmdk" format="VMDK" type="Normal">
          <HardDisk uuid="{4bf59824-626a-4b15-9892-1c6d367a36ed}" location="/Users/frimpongopokuagyemang/.Genymobile/Genymotion/deployed/Google Nexus 4/Snapshots/{4bf59824-626a-4b15-9892-1c6d367a36ed}.vmdk" format="VMDK"/>
        </HardDisk>
        <HardDisk uuid="{aca10d5b-acce-4fa5-a063-e01bf5a40aa1}" location="/Users/frimpongopokuagyemang/.Genymobile/Genymotion/deployed/Google Nexus 4/android_data_disk.vmdk" format="VMDK" type="Normal">
          <HardDisk uuid="{1d918da8-2049-416a-ab81-84d877ae97dc}" location="/Users/frimpongopokuagyemang/.Genymobile/Genymotion/deployed/Google Nexus 4/Snapshots/{1d918da8-2049-416a-ab81-84d877ae97dc}.vmdk" format="VMDK"/>
        </HardDisk>
        <HardDisk uuid="{88adae82-f33e-48ac-a134-3ad4d75a71a5}" location="/Users/frimpongopokuagyemang/.Genymobile/Genymotion/deployed/LG Optimus L3 II/android_system_disk.vmdk" format="VMDK" type="Normal">
          <HardDisk uuid="{207ba396-912a-48da-9211-1eb9b60b2706}" location="/Users/frimpongopokuagyemang/.Genymobile/Genymotion/deployed/LG Optimus L3 II/Snapshots/{207ba396-912a-48da-9211-1eb9b60b2706}.vmdk" format="VMDK"/>
        </HardDisk>
        <HardDisk uuid="{7a1477de-2605-4026-8630-21868a5af55e}" location="/Users/frimpongopokuagyemang/.Genymobile/Genymotion/deployed/LG Optimus L3 II/android_data_disk.vmdk" format="VMDK" type="Normal">
          <HardDisk uuid="{fe82f664-4ad9-4f54-ac23-37791f163b49}" location="/Users/frimpongopokuagyemang/.Genymobile/Genymotion/deployed/LG Optimus L3 II/Snapshots/{fe82f664-4ad9-4f54-ac23-37791f163b49}.vmdk" format="VMDK"/>
        </HardDisk>
        <HardDisk uuid="{90b45df4-50ce-46d3-923e-65cca166add8}" location="/Users/frimpongopokuagyemang/.Genymobile/Genymotion/deployed/Samsung Galaxy S6/android_system_disk.vmdk" format="VMDK" type="Normal">
          <HardDisk uuid="{c50f9e0a-46f4-4754-a699-587fe0921ab5}" location="/Users/frimpongopokuagyemang/.Genymobile/Genymotion/deployed/Samsung Galaxy S6/Snapshots/{c50f9e0a-46f4-4754-a699-587fe0921ab5}.vmdk" format="VMDK"/>
        </HardDisk>
        <HardDisk uuid="{c9e2f1e0-bd62-4845-b018-e6e2a280aebc}" location="/Users/frimpongopokuagyemang/.Genymobile/Genymotion/deployed/Samsung Galaxy S6/android_data_disk.vmdk" format="VMDK" type="Normal">
          <HardDisk uuid="{6b71882c-db85-4a93-8fca-da6734b707c6}" location="/Users/frimpongopokuagyemang/.Genymobile/Genymotion/deployed/Samsung Galaxy S6/Snapshots/{6b71882c-db85-4a93-8fca-da6734b707c6}.vmdk" format="VMDK"/>
        </HardDisk>
        <HardDisk uuid="{8c3fda7b-046a-4db2-8615-9be1afdee21a}" location="/Users/frimpongopokuagyemang/.Genymobile/Genymotion/deployed/Google Pixel 3 XL/android_system_disk.vmdk" format="VMDK" type="Normal">
          <HardDisk uuid="{eeaf031a-796e-48ab-ac0c-a965e3182f9f}" location="/Users/frimpongopokuagyemang/.Genymobile/Genymotion/deployed/Google Pixel 3 XL/Snapshots/{eeaf031a-796e-48ab-ac0c-a965e3182f9f}.vmdk" format="VMDK"/>
        </HardDisk>
        <HardDisk uuid="{75de0850-91cd-4994-b3b9-5f4b940c47b3}" location="/Users/frimpongopokuagyemang/.Genymobile/Genymotion/deployed/Google Pixel 3 XL/android_data_disk.vmdk" format="VMDK" type="Normal">
          <HardDisk uuid="{a4667097-552c-474c-ab74-321505ab7af4}" location="/Users/frimpongopokuagyemang/.Genymobile/Genymotion/deployed/Google Pixel 3 XL/Snapshots/{a4667097-552c-474c-ab74-321505ab7af4}.vmdk" format="VMDK"/>
        </HardDisk>
        <HardDisk uuid="{a18c3f10-2e7f-42e7-b18f-c1ed4b297b53}" location="/Users/frimpongopokuagyemang/.Genymobile/Genymotion/deployed/Google Nexus 7/android_system_disk.vmdk" format="VMDK" type="Normal">
          <HardDisk uuid="{4176ab20-ac52-4234-9c6d-c83546f6aca9}" location="/Users/frimpongopokuagyemang/.Genymobile/Genymotion/deployed/Google Nexus 7/Snapshots/{4176ab20-ac52-4234-9c6d-c83546f6aca9}.vmdk" format="VMDK"/>
        </HardDisk>
        <HardDisk uuid="{d98df121-68a5-4e1f-9010-11c1941534b0}" location="/Users/frimpongopokuagyemang/.Genymobile/Genymotion/deployed/Google Nexus 7/android_data_disk.vmdk" format="VMDK" type="Normal">
          <HardDisk uuid="{3d029376-8aa8-4444-8321-108bfcb26250}" location="/Users/frimpongopokuagyemang/.Genymobile/Genymotion/deployed/Google Nexus 7/Snapshots/{3d029376-8aa8-4444-8321-108bfcb26250}.vmdk" format="VMDK"/>
        </HardDisk>
      </HardDisks>
    </MediaRegistry>
    <NetserviceRegistry>
      <DHCPServers>
        <DHCPServer networkName="HostInterfaceNetworking-vboxnet0" IPAddress="192.168.56.100" networkMask="255.255.255.0" lowerIP="192.168.56.101" upperIP="192.168.56.254" enabled="1"/>
      </DHCPServers>
    </NetserviceRegistry>
    <SystemProperties defaultMachineFolder="/Users/frimpongopokuagyemang/VirtualBox VMs" defaultHardDiskFormat="VDI" VRDEAuthLibrary="VBoxAuth" webServiceAuthLibrary="VBoxAuth" LogHistoryCount="3" proxyMode="0" exclusiveHwVirt="false"/>
    <USBDeviceFilters/>
  </Global>
</VirtualBox>
